Broadcast Image,Tacticam Match
broadcast_f0000_p0.jpg,tacticam_f0005_p1.jpg
broadcast_f0000_p2.jpg,tacticam_f0040_p26.jpg
broadcast_f0005_p0.jpg,tacticam_f0065_p8.jpg
broadcast_f0005_p1.jpg,tacticam_f0040_p8.jpg
broadcast_f0005_p10.jpg,tacticam_f0035_p20.jpg
broadcast_f0005_p11.jpg,tacticam_f0025_p17.jpg
broadcast_f0005_p12.jpg,tacticam_f0135_p23.jpg
broadcast_f0005_p13.jpg,tacticam_f0040_p22.jpg
broadcast_f0005_p2.jpg,tacticam_f0035_p7.jpg
broadcast_f0005_p3.jpg,tacticam_f0030_p18.jpg
broadcast_f0005_p4.jpg,tacticam_f0120_p6.jpg
broadcast_f0005_p5.jpg,tacticam_f0010_p10.jpg
broadcast_f0005_p6.jpg,tacticam_f0130_p15.jpg
broadcast_f0005_p7.jpg,tacticam_f0115_p11.jpg
broadcast_f0005_p8.jpg,tacticam_f0020_p9.jpg
broadcast_f0005_p9.jpg,tacticam_f0025_p21.jpg
broadcast_f0010_p0.jpg,tacticam_f0020_p18.jpg
broadcast_f0010_p1.jpg,tacticam_f0055_p7.jpg
broadcast_f0010_p10.jpg,tacticam_f0060_p4.jpg
broadcast_f0010_p11.jpg,tacticam_f0005_p15.jpg
broadcast_f0010_p12.jpg,tacticam_f0040_p24.jpg
broadcast_f0010_p2.jpg,tacticam_f0015_p3.jpg
broadcast_f0010_p3.jpg,tacticam_f0132_p42.jpg
broadcast_f0010_p4.jpg,tacticam_f0030_p23.jpg
broadcast_f0010_p5.jpg,tacticam_f0010_p8.jpg
broadcast_f0010_p6.jpg,tacticam_f0065_p10.jpg
broadcast_f0010_p7.jpg,tacticam_f0070_p9.jpg
broadcast_f0010_p8.jpg,tacticam_f0005_p3.jpg
broadcast_f0010_p9.jpg,tacticam_f0025_p19.jpg
broadcast_f0015_p0.jpg,tacticam_f0010_p2.jpg
broadcast_f0015_p1.jpg,tacticam_f0040_p23.jpg
broadcast_f0015_p10.jpg,tacticam_f0070_p9.jpg
broadcast_f0015_p11.jpg,tacticam_f0010_p9.jpg
broadcast_f0015_p12.jpg,tacticam_f0040_p22.jpg
broadcast_f0015_p2.jpg,tacticam_f0030_p18.jpg
broadcast_f0015_p3.jpg,tacticam_f0005_p3.jpg
broadcast_f0015_p4.jpg,tacticam_f0150_p4.jpg
broadcast_f0015_p5.jpg,tacticam_f0000_p13.jpg
broadcast_f0015_p6.jpg,tacticam_f0025_p18.jpg
broadcast_f0015_p7.jpg,tacticam_f0040_p8.jpg
broadcast_f0015_p8.jpg,tacticam_f0075_p18.jpg
broadcast_f0015_p9.jpg,tacticam_f0077_p10.jpg
broadcast_f0020_p0.jpg,tacticam_f0040_p0.jpg
broadcast_f0020_p1.jpg,tacticam_f0065_p8.jpg
broadcast_f0020_p10.jpg,tacticam_f0040_p13.jpg
broadcast_f0020_p11.jpg,tacticam_f0025_p15.jpg
broadcast_f0020_p12.jpg,tacticam_f0040_p24.jpg
broadcast_f0020_p2.jpg,tacticam_f0020_p0.jpg
broadcast_f0020_p3.jpg,tacticam_f0010_p9.jpg
broadcast_f0020_p4.jpg,tacticam_f0077_p10.jpg
broadcast_f0020_p5.jpg,tacticam_f0105_p21.jpg
broadcast_f0020_p6.jpg,tacticam_f0030_p18.jpg
broadcast_f0020_p7.jpg,tacticam_f0160_p3.jpg
broadcast_f0020_p8.jpg,tacticam_f0005_p3.jpg
broadcast_f0020_p9.jpg,tacticam_f0135_p12.jpg
broadcast_f0025_p0.jpg,tacticam_f0035_p2.jpg
broadcast_f0025_p1.jpg,tacticam_f0075_p18.jpg
broadcast_f0025_p10.jpg,tacticam_f0025_p15.jpg
broadcast_f0025_p11.jpg,tacticam_f0010_p8.jpg
broadcast_f0025_p15.jpg,tacticam_f0010_p8.jpg
broadcast_f0025_p2.jpg,tacticam_f0088_p15.jpg
broadcast_f0025_p3.jpg,tacticam_f0020_p18.jpg
broadcast_f0025_p4.jpg,tacticam_f0055_p0.jpg
broadcast_f0025_p5.jpg,tacticam_f0030_p8.jpg
broadcast_f0025_p6.jpg,tacticam_f0005_p3.jpg
broadcast_f0025_p7.jpg,tacticam_f0110_p1.jpg
broadcast_f0025_p8.jpg,tacticam_f0000_p25.jpg
broadcast_f0025_p9.jpg,tacticam_f0030_p0.jpg
broadcast_f0030_p0.jpg,tacticam_f0065_p8.jpg
broadcast_f0030_p1.jpg,tacticam_f0065_p8.jpg
broadcast_f0030_p10.jpg,tacticam_f0030_p0.jpg
broadcast_f0030_p11.jpg,tacticam_f0010_p8.jpg
broadcast_f0030_p12.jpg,tacticam_f0010_p8.jpg
broadcast_f0030_p13.jpg,tacticam_f0165_p24.jpg
broadcast_f0030_p2.jpg,tacticam_f0005_p3.jpg
broadcast_f0030_p3.jpg,tacticam_f0000_p0.jpg
broadcast_f0030_p4.jpg,tacticam_f0089_p16.jpg
broadcast_f0030_p5.jpg,tacticam_f0005_p3.jpg
broadcast_f0030_p6.jpg,tacticam_f0055_p0.jpg
broadcast_f0030_p7.jpg,tacticam_f0030_p8.jpg
broadcast_f0030_p8.jpg,tacticam_f0005_p3.jpg
broadcast_f0030_p9.jpg,tacticam_f0030_p18.jpg
broadcast_f0035_p0.jpg,tacticam_f0065_p8.jpg
broadcast_f0035_p1.jpg,tacticam_f0045_p4.jpg
broadcast_f0035_p10.jpg,tacticam_f0135_p1.jpg
broadcast_f0035_p11.jpg,tacticam_f0165_p24.jpg
broadcast_f0035_p12.jpg,tacticam_f0165_p24.jpg
broadcast_f0035_p2.jpg,tacticam_f0005_p3.jpg
broadcast_f0035_p3.jpg,tacticam_f0030_p8.jpg
broadcast_f0035_p4.jpg,tacticam_f0137_p46.jpg
broadcast_f0035_p5.jpg,tacticam_f0040_p8.jpg
broadcast_f0035_p6.jpg,tacticam_f0030_p0.jpg
broadcast_f0035_p7.jpg,tacticam_f0010_p16.jpg
broadcast_f0035_p8.jpg,tacticam_f0005_p5.jpg
broadcast_f0035_p9.jpg,tacticam_f0040_p18.jpg
broadcast_f0040_p0.jpg,tacticam_f0030_p8.jpg
broadcast_f0040_p1.jpg,tacticam_f0000_p0.jpg
broadcast_f0040_p10.jpg,tacticam_f0070_p21.jpg
broadcast_f0040_p11.jpg,tacticam_f0175_p18.jpg
broadcast_f0040_p2.jpg,tacticam_f0010_p2.jpg
broadcast_f0040_p3.jpg,tacticam_f0055_p0.jpg
broadcast_f0040_p4.jpg,tacticam_f0025_p17.jpg
broadcast_f0040_p5.jpg,tacticam_f0137_p46.jpg
broadcast_f0040_p6.jpg,tacticam_f0010_p10.jpg
broadcast_f0040_p7.jpg,tacticam_f0040_p18.jpg
broadcast_f0040_p8.jpg,tacticam_f0040_p0.jpg
broadcast_f0040_p9.jpg,tacticam_f0040_p8.jpg
broadcast_f0045_p0.jpg,tacticam_f0065_p8.jpg
broadcast_f0045_p1.jpg,tacticam_f0115_p11.jpg
broadcast_f0045_p2.jpg,tacticam_f0065_p8.jpg
broadcast_f0045_p3.jpg,tacticam_f0015_p3.jpg
broadcast_f0045_p4.jpg,tacticam_f0112_p34.jpg
broadcast_f0045_p5.jpg,tacticam_f0010_p16.jpg
broadcast_f0045_p6.jpg,tacticam_f0010_p10.jpg
broadcast_f0045_p7.jpg,tacticam_f0040_p19.jpg
broadcast_f0045_p8.jpg,tacticam_f0195_p50.jpg
broadcast_f0045_p9.jpg,tacticam_f0100_p18.jpg
broadcast_f0050_p0.jpg,tacticam_f0005_p3.jpg
broadcast_f0050_p1.jpg,tacticam_f0065_p8.jpg
broadcast_f0050_p10.jpg,tacticam_f0055_p23.jpg
broadcast_f0050_p11.jpg,tacticam_f0010_p23.jpg
broadcast_f0050_p2.jpg,tacticam_f0085_p2.jpg
broadcast_f0050_p3.jpg,tacticam_f0130_p18.jpg
broadcast_f0050_p4.jpg,tacticam_f0195_p23.jpg
broadcast_f0050_p5.jpg,tacticam_f0055_p7.jpg
broadcast_f0050_p6.jpg,tacticam_f0005_p3.jpg
broadcast_f0050_p7.jpg,tacticam_f0010_p9.jpg
broadcast_f0050_p8.jpg,tacticam_f0125_p1.jpg
broadcast_f0050_p9.jpg,tacticam_f0000_p5.jpg
broadcast_f0055_p0.jpg,tacticam_f0055_p7.jpg
broadcast_f0055_p1.jpg,tacticam_f0000_p11.jpg
broadcast_f0055_p10.jpg,tacticam_f0010_p23.jpg
broadcast_f0055_p2.jpg,tacticam_f0040_p18.jpg
broadcast_f0055_p3.jpg,tacticam_f0100_p2.jpg
broadcast_f0055_p4.jpg,tacticam_f0010_p16.jpg
broadcast_f0055_p5.jpg,tacticam_f0015_p0.jpg
broadcast_f0055_p6.jpg,tacticam_f0040_p18.jpg
broadcast_f0055_p7.jpg,tacticam_f0105_p21.jpg
broadcast_f0055_p8.jpg,tacticam_f0130_p18.jpg
broadcast_f0055_p9.jpg,tacticam_f0130_p15.jpg
broadcast_f0060_p0.jpg,tacticam_f0015_p3.jpg
broadcast_f0060_p1.jpg,tacticam_f0025_p8.jpg
broadcast_f0060_p10.jpg,tacticam_f0110_p1.jpg
broadcast_f0060_p11.jpg,tacticam_f0055_p14.jpg
broadcast_f0060_p12.jpg,tacticam_f0000_p26.jpg
broadcast_f0060_p2.jpg,tacticam_f0131_p41.jpg
broadcast_f0060_p3.jpg,tacticam_f0055_p7.jpg
broadcast_f0060_p4.jpg,tacticam_f0025_p12.jpg
broadcast_f0060_p5.jpg,tacticam_f0125_p3.jpg
broadcast_f0060_p6.jpg,tacticam_f0030_p8.jpg
broadcast_f0060_p7.jpg,tacticam_f0025_p18.jpg
broadcast_f0060_p8.jpg,tacticam_f0075_p13.jpg
broadcast_f0060_p9.jpg,tacticam_f0045_p25.jpg
broadcast_f0065_p0.jpg,tacticam_f0010_p2.jpg
broadcast_f0065_p1.jpg,tacticam_f0010_p2.jpg
broadcast_f0065_p2.jpg,tacticam_f0025_p12.jpg
broadcast_f0065_p3.jpg,tacticam_f0040_p18.jpg
broadcast_f0065_p4.jpg,tacticam_f0112_p34.jpg
broadcast_f0065_p5.jpg,tacticam_f0110_p13.jpg
broadcast_f0065_p6.jpg,tacticam_f0005_p3.jpg
broadcast_f0065_p7.jpg,tacticam_f0015_p3.jpg
broadcast_f0065_p8.jpg,tacticam_f0130_p20.jpg
broadcast_f0070_p0.jpg,tacticam_f0150_p4.jpg
broadcast_f0070_p1.jpg,tacticam_f0090_p8.jpg
broadcast_f0070_p10.jpg,tacticam_f0050_p3.jpg
broadcast_f0070_p11.jpg,tacticam_f0000_p14.jpg
broadcast_f0070_p12.jpg,tacticam_f0180_p23.jpg
broadcast_f0070_p13.jpg,tacticam_f0000_p26.jpg
broadcast_f0070_p2.jpg,tacticam_f0025_p12.jpg
broadcast_f0070_p3.jpg,tacticam_f0015_p3.jpg
broadcast_f0070_p4.jpg,tacticam_f0112_p34.jpg
broadcast_f0070_p5.jpg,tacticam_f0030_p8.jpg
broadcast_f0070_p6.jpg,tacticam_f0005_p15.jpg
broadcast_f0070_p7.jpg,tacticam_f0020_p8.jpg
broadcast_f0070_p8.jpg,tacticam_f0030_p13.jpg
broadcast_f0070_p9.jpg,tacticam_f0130_p18.jpg
broadcast_f0075_p0.jpg,tacticam_f0030_p0.jpg
broadcast_f0075_p1.jpg,tacticam_f0030_p8.jpg
broadcast_f0075_p10.jpg,tacticam_f0075_p18.jpg
broadcast_f0075_p11.jpg,tacticam_f0100_p9.jpg
broadcast_f0075_p2.jpg,tacticam_f0055_p7.jpg
broadcast_f0075_p3.jpg,tacticam_f0140_p4.jpg
broadcast_f0075_p4.jpg,tacticam_f0045_p18.jpg
broadcast_f0075_p5.jpg,tacticam_f0035_p8.jpg
broadcast_f0075_p6.jpg,tacticam_f0131_p41.jpg
broadcast_f0075_p7.jpg,tacticam_f0010_p10.jpg
broadcast_f0075_p8.jpg,tacticam_f0095_p15.jpg
broadcast_f0075_p9.jpg,tacticam_f0150_p19.jpg
broadcast_f0080_p0.jpg,tacticam_f0010_p2.jpg
broadcast_f0080_p1.jpg,tacticam_f0000_p0.jpg
broadcast_f0080_p10.jpg,tacticam_f0005_p14.jpg
broadcast_f0080_p11.jpg,tacticam_f0115_p20.jpg
broadcast_f0080_p2.jpg,tacticam_f0010_p3.jpg
broadcast_f0080_p3.jpg,tacticam_f0055_p7.jpg
broadcast_f0080_p4.jpg,tacticam_f0025_p19.jpg
broadcast_f0080_p5.jpg,tacticam_f0100_p1.jpg
broadcast_f0080_p6.jpg,tacticam_f0135_p24.jpg
broadcast_f0080_p7.jpg,tacticam_f0010_p8.jpg
broadcast_f0080_p8.jpg,tacticam_f0075_p2.jpg
broadcast_f0080_p9.jpg,tacticam_f0140_p1.jpg
broadcast_f0085_p0.jpg,tacticam_f0050_p15.jpg
broadcast_f0085_p1.jpg,tacticam_f0135_p1.jpg
broadcast_f0085_p10.jpg,tacticam_f0080_p2.jpg
broadcast_f0085_p11.jpg,tacticam_f0135_p23.jpg
broadcast_f0085_p12.jpg,tacticam_f0070_p21.jpg
broadcast_f0085_p13.jpg,tacticam_f0040_p26.jpg
broadcast_f0085_p14.jpg,tacticam_f0115_p20.jpg
broadcast_f0085_p15.jpg,tacticam_f0075_p24.jpg
broadcast_f0085_p2.jpg,tacticam_f0100_p7.jpg
broadcast_f0085_p3.jpg,tacticam_f0165_p18.jpg
broadcast_f0085_p4.jpg,tacticam_f0195_p21.jpg
broadcast_f0085_p5.jpg,tacticam_f0055_p11.jpg
broadcast_f0085_p6.jpg,tacticam_f0065_p17.jpg
broadcast_f0085_p7.jpg,tacticam_f0010_p16.jpg
broadcast_f0085_p8.jpg,tacticam_f0105_p21.jpg
broadcast_f0085_p9.jpg,tacticam_f0055_p15.jpg
broadcast_f0090_p0.jpg,tacticam_f0120_p2.jpg
broadcast_f0090_p1.jpg,tacticam_f0095_p10.jpg
broadcast_f0090_p10.jpg,tacticam_f0135_p23.jpg
broadcast_f0090_p2.jpg,tacticam_f0030_p8.jpg
broadcast_f0090_p3.jpg,tacticam_f0175_p7.jpg
broadcast_f0090_p4.jpg,tacticam_f0005_p11.jpg
broadcast_f0090_p5.jpg,tacticam_f0125_p1.jpg
broadcast_f0090_p6.jpg,tacticam_f0155_p9.jpg
broadcast_f0090_p7.jpg,tacticam_f0000_p25.jpg
broadcast_f0090_p8.jpg,tacticam_f0110_p18.jpg
broadcast_f0090_p9.jpg,tacticam_f0025_p19.jpg
broadcast_f0095_p0.jpg,tacticam_f0150_p22.jpg
broadcast_f0095_p1.jpg,tacticam_f0135_p1.jpg
broadcast_f0095_p10.jpg,tacticam_f0112_p34.jpg
broadcast_f0095_p11.jpg,tacticam_f0070_p3.jpg
broadcast_f0095_p12.jpg,tacticam_f0070_p21.jpg
broadcast_f0095_p13.jpg,tacticam_f0165_p24.jpg
broadcast_f0095_p2.jpg,tacticam_f0040_p8.jpg
broadcast_f0095_p3.jpg,tacticam_f0030_p8.jpg
broadcast_f0095_p4.jpg,tacticam_f0105_p21.jpg
broadcast_f0095_p5.jpg,tacticam_f0075_p1.jpg
broadcast_f0095_p6.jpg,tacticam_f0185_p9.jpg
broadcast_f0095_p7.jpg,tacticam_f0110_p18.jpg
broadcast_f0095_p8.jpg,tacticam_f0110_p19.jpg
broadcast_f0095_p9.jpg,tacticam_f0005_p11.jpg
broadcast_f0100_p0.jpg,tacticam_f0055_p0.jpg
broadcast_f0100_p1.jpg,tacticam_f0155_p2.jpg
broadcast_f0100_p10.jpg,tacticam_f0195_p7.jpg
broadcast_f0100_p11.jpg,tacticam_f0120_p18.jpg
broadcast_f0100_p12.jpg,tacticam_f0000_p14.jpg
broadcast_f0100_p13.jpg,tacticam_f0010_p23.jpg
broadcast_f0100_p15.jpg,tacticam_f0125_p15.jpg
broadcast_f0100_p2.jpg,tacticam_f0015_p0.jpg
broadcast_f0100_p3.jpg,tacticam_f0035_p8.jpg
broadcast_f0100_p4.jpg,tacticam_f0195_p11.jpg
broadcast_f0100_p5.jpg,tacticam_f0112_p34.jpg
broadcast_f0100_p6.jpg,tacticam_f0155_p19.jpg
broadcast_f0100_p7.jpg,tacticam_f0055_p0.jpg
broadcast_f0100_p8.jpg,tacticam_f0140_p1.jpg
broadcast_f0100_p9.jpg,tacticam_f0155_p16.jpg
broadcast_f0105_p0.jpg,tacticam_f0030_p0.jpg
broadcast_f0105_p1.jpg,tacticam_f0025_p5.jpg
broadcast_f0105_p10.jpg,tacticam_f0100_p9.jpg
broadcast_f0105_p11.jpg,tacticam_f0020_p14.jpg
broadcast_f0105_p12.jpg,tacticam_f0155_p19.jpg
broadcast_f0105_p2.jpg,tacticam_f0020_p21.jpg
broadcast_f0105_p3.jpg,tacticam_f0035_p8.jpg
broadcast_f0105_p4.jpg,tacticam_f0140_p4.jpg
broadcast_f0105_p5.jpg,tacticam_f0030_p8.jpg
broadcast_f0105_p6.jpg,tacticam_f0010_p8.jpg
broadcast_f0105_p7.jpg,tacticam_f0020_p14.jpg
broadcast_f0105_p8.jpg,tacticam_f0155_p19.jpg
broadcast_f0105_p9.jpg,tacticam_f0180_p22.jpg
broadcast_f0110_p0.jpg,tacticam_f0150_p4.jpg
broadcast_f0110_p1.jpg,tacticam_f0040_p25.jpg
broadcast_f0110_p10.jpg,tacticam_f0165_p19.jpg
broadcast_f0110_p11.jpg,tacticam_f0130_p18.jpg
broadcast_f0110_p12.jpg,tacticam_f0000_p26.jpg
broadcast_f0110_p13.jpg,tacticam_f0060_p25.jpg
broadcast_f0110_p2.jpg,tacticam_f0010_p3.jpg
broadcast_f0110_p3.jpg,tacticam_f0030_p4.jpg
broadcast_f0110_p4.jpg,tacticam_f0015_p3.jpg
broadcast_f0110_p5.jpg,tacticam_f0020_p13.jpg
broadcast_f0110_p6.jpg,tacticam_f0145_p1.jpg
broadcast_f0110_p7.jpg,tacticam_f0010_p10.jpg
broadcast_f0110_p8.jpg,tacticam_f0050_p5.jpg
broadcast_f0110_p9.jpg,tacticam_f0130_p20.jpg
broadcast_f0115_p0.jpg,tacticam_f0150_p4.jpg
broadcast_f0115_p1.jpg,tacticam_f0130_p15.jpg
broadcast_f0115_p10.jpg,tacticam_f0030_p21.jpg
broadcast_f0115_p11.jpg,tacticam_f0050_p5.jpg
broadcast_f0115_p12.jpg,tacticam_f0185_p1.jpg
broadcast_f0115_p2.jpg,tacticam_f0035_p8.jpg
broadcast_f0115_p3.jpg,tacticam_f0030_p8.jpg
broadcast_f0115_p4.jpg,tacticam_f0045_p12.jpg
broadcast_f0115_p5.jpg,tacticam_f0185_p11.jpg
broadcast_f0115_p6.jpg,tacticam_f0195_p7.jpg
broadcast_f0115_p7.jpg,tacticam_f0170_p1.jpg
broadcast_f0115_p8.jpg,tacticam_f0195_p7.jpg
broadcast_f0115_p9.jpg,tacticam_f0140_p11.jpg
broadcast_f0120_p0.jpg,tacticam_f0060_p3.jpg
broadcast_f0120_p1.jpg,tacticam_f0130_p15.jpg
broadcast_f0120_p10.jpg,tacticam_f0135_p23.jpg
broadcast_f0120_p11.jpg,tacticam_f0080_p17.jpg
broadcast_f0120_p12.jpg,tacticam_f0145_p22.jpg
broadcast_f0120_p13.jpg,tacticam_f0055_p0.jpg
broadcast_f0120_p14.jpg,tacticam_f0195_p11.jpg
broadcast_f0120_p2.jpg,tacticam_f0200_p11.jpg
broadcast_f0120_p3.jpg,tacticam_f0035_p8.jpg
broadcast_f0120_p4.jpg,tacticam_f0060_p16.jpg
broadcast_f0120_p5.jpg,tacticam_f0015_p12.jpg
broadcast_f0120_p6.jpg,tacticam_f0070_p3.jpg
broadcast_f0120_p7.jpg,tacticam_f0125_p20.jpg
broadcast_f0120_p8.jpg,tacticam_f0180_p23.jpg
broadcast_f0120_p9.jpg,tacticam_f0155_p21.jpg
broadcast_f0125_p0.jpg,tacticam_f0010_p2.jpg
broadcast_f0125_p1.jpg,tacticam_f0030_p4.jpg
broadcast_f0125_p10.jpg,tacticam_f0180_p23.jpg
broadcast_f0125_p11.jpg,tacticam_f0165_p24.jpg
broadcast_f0125_p12.jpg,tacticam_f0200_p18.jpg
broadcast_f0125_p13.jpg,tacticam_f0075_p13.jpg
broadcast_f0125_p2.jpg,tacticam_f0025_p12.jpg
broadcast_f0125_p3.jpg,tacticam_f0030_p8.jpg
broadcast_f0125_p4.jpg,tacticam_f0145_p22.jpg
broadcast_f0125_p5.jpg,tacticam_f0085_p20.jpg
broadcast_f0125_p6.jpg,tacticam_f0055_p0.jpg
broadcast_f0125_p7.jpg,tacticam_f0035_p6.jpg
broadcast_f0125_p8.jpg,tacticam_f0150_p7.jpg
broadcast_f0125_p9.jpg,tacticam_f0195_p7.jpg
broadcast_f0130_p0.jpg,tacticam_f0120_p0.jpg
